repeticion,modo,hilos,n,frames,ms_fisica_prom,ms_frame_prom,fps_prom
1,secuencial,1,1000,120,1.4501,37.2207,26.87
1,paralelo_v1,2,1000,120,0.9642,35.3845,28.26
1,paralelo_v2,2,1000,120,0.8671,36.1831,27.64
1,paralelo_v1,4,1000,120,0.5841,35.5000,28.17
1,paralelo_v2,4,1000,120,0.6611,35.6330,28.06
1,paralelo_v1,11,1000,120,0.6168,35.3542,28.29
1,paralelo_v2,11,1000,120,0.6668,35.9348,27.83
2,secuencial,1,1000,120,1.2736,36.0642,27.73
2,paralelo_v1,2,1000,120,0.7821,35.5428,28.14
2,paralelo_v2,2,1000,120,0.8315,36.1167,27.69
2,paralelo_v1,4,1000,120,0.5418,35.6586,28.04
2,paralelo_v2,4,1000,120,0.5827,35.5516,28.13
2,paralelo_v1,11,1000,120,0.6602,35.6629,28.04
2,paralelo_v2,11,1000,120,0.7613,35.5019,28.17
3,secuencial,1,1000,120,1.5238,35.5103,28.16
3,paralelo_v1,2,1000,120,0.8061,35.6459,28.05
3,paralelo_v2,2,1000,120,0.9161,35.4044,28.25
3,paralelo_v1,4,1000,120,0.6215,35.5106,28.16
3,paralelo_v2,4,1000,120,0.6127,35.6527,28.05
3,paralelo_v1,11,1000,120,0.6605,35.8872,27.87
3,paralelo_v2,11,1000,120,0.6378,35.3762,28.27
4,secuencial,1,1000,120,1.4699,35.3994,28.25
4,paralelo_v1,2,1000,120,0.9041,35.7759,27.95
4,paralelo_v2,2,1000,120,0.8544,35.7941,27.94
4,paralelo_v1,4,1000,120,0.6300,35.5106,28.16
4,paralelo_v2,4,1000,120,0.6120,35.7678,27.96
4,paralelo_v1,11,1000,120,0.6203,35.4979,28.17
4,paralelo_v2,11,1000,120,0.7297,36.6211,27.31
5,secuencial,1,1000,120,1.6538,35.5433,28.13
5,paralelo_v1,2,1000,120,0.8616,35.5102,28.16
5,paralelo_v2,2,1000,120,0.8630,35.9147,27.84
5,paralelo_v1,4,1000,120,0.5836,35.5410,28.14
5,paralelo_v2,4,1000,120,0.5815,35.4074,28.24
5,paralelo_v1,11,1000,120,0.5935,35.7832,27.95
5,paralelo_v2,11,1000,120,0.6657,35.6348,28.06
6,secuencial,1,1000,120,1.3083,35.5198,28.15
6,paralelo_v1,2,1000,120,0.6326,36.1344,27.67
6,paralelo_v2,2,1000,120,0.5816,36.0827,27.71
6,paralelo_v1,4,1000,120,0.4260,35.6366,28.06
6,paralelo_v2,4,1000,120,0.4875,35.5006,28.17
6,paralelo_v1,11,1000,120,0.4736,35.6688,28.04
6,paralelo_v2,11,1000,120,0.5425,35.4996,28.17
7,secuencial,1,1000,120,1.0228,35.5045,28.17
7,paralelo_v1,2,1000,120,0.6373,36.0506,27.74
7,paralelo_v2,2,1000,120,0.5534,37.7754,26.47
7,paralelo_v1,4,1000,120,0.4978,35.6401,28.06
7,paralelo_v2,4,1000,120,0.4497,35.6133,28.08
7,paralelo_v1,11,1000,120,0.5652,35.6098,28.08
7,paralelo_v2,11,1000,120,0.4886,35.8024,27.93
8,secuencial,1,1000,120,0.9327,37.3092,26.80
8,paralelo_v1,2,1000,120,0.5741,35.3251,28.31
8,paralelo_v2,2,1000,120,0.6986,35.3691,28.27
8,paralelo_v1,4,1000,120,0.5942,35.5526,28.13
8,paralelo_v2,4,1000,120,0.4695,35.5066,28.16
8,paralelo_v1,11,1000,120,0.5288,35.4932,28.17
8,paralelo_v2,11,1000,120,0.4813,36.3398,27.52
9,secuencial,1,1000,120,0.8476,36.4652,27.42
9,paralelo_v1,2,1000,120,0.9162,36.3523,27.51
9,paralelo_v2,2,1000,120,1.0203,35.8162,27.92
9,paralelo_v1,4,1000,120,0.6885,35.9581,27.81
9,paralelo_v2,4,1000,120,0.6369,35.7986,27.93
9,paralelo_v1,11,1000,120,0.6364,35.6414,28.06
9,paralelo_v2,11,1000,120,0.6539,35.6428,28.06
10,secuencial,1,1000,120,1.4026,35.9710,27.80
10,paralelo_v1,2,1000,120,1.0177,35.6367,28.06
10,paralelo_v2,2,1000,120,0.9315,35.6428,28.06
10,paralelo_v1,4,1000,120,0.5908,35.5015,28.17
10,paralelo_v2,4,1000,120,0.6313,35.7709,27.96
10,paralelo_v1,11,1000,120,0.6235,36.0718,27.72
10,paralelo_v2,11,1000,120,0.6938,35.7909,27.94
1,secuencial,1,2000,120,4.0197,35.5798,28.11
1,paralelo_v1,2,2000,120,3.2159,35.8023,27.93
1,paralelo_v2,2,2000,120,3.1756,35.5465,28.13
1,paralelo_v1,4,2000,120,1.8845,35.6512,28.05
1,paralelo_v2,4,2000,120,1.7446,35.9701,27.80
1,paralelo_v1,11,2000,120,1.3138,35.6520,28.05
1,paralelo_v2,11,2000,120,1.4740,36.0613,27.73
2,secuencial,1,2000,120,4.5860,36.9164,27.09
2,paralelo_v1,2,2000,120,2.9058,35.8205,27.92
2,paralelo_v2,2,2000,120,2.9794,35.8113,27.92
2,paralelo_v1,4,2000,120,1.6993,35.5103,28.16
2,paralelo_v2,4,2000,120,1.7178,35.6469,28.05
2,paralelo_v1,11,2000,120,1.5688,35.5339,28.14
2,paralelo_v2,11,2000,120,1.5385,35.6756,28.03
3,secuencial,1,2000,120,4.5433,35.8565,27.89
3,paralelo_v1,2,2000,120,3.1309,35.9716,27.80
3,paralelo_v2,2,2000,120,3.1733,35.6924,28.02
3,paralelo_v1,4,2000,120,1.7753,35.5138,28.16
3,paralelo_v2,4,2000,120,1.6273,36.0560,27.73
3,paralelo_v1,11,2000,120,1.4595,35.6828,28.02
3,paralelo_v2,11,2000,120,1.5750,35.8071,27.93
4,secuencial,1,2000,120,4.4768,35.8430,27.90
4,paralelo_v1,2,2000,120,2.8835,35.8018,27.93
4,paralelo_v2,2,2000,120,3.0225,35.4124,28.24
4,paralelo_v1,4,2000,120,1.4664,35.5204,28.15
4,paralelo_v2,4,2000,120,1.5236,36.0963,27.70
4,paralelo_v1,11,2000,120,1.4730,36.1059,27.70
4,paralelo_v2,11,2000,120,1.5931,35.3845,28.26
5,secuencial,1,2000,120,4.3721,35.8304,27.91
5,paralelo_v1,2,2000,120,3.0245,35.6715,28.03
5,paralelo_v2,2,2000,120,3.1171,35.6651,28.04
5,paralelo_v1,4,2000,120,1.7123,35.7992,27.93
5,paralelo_v2,4,2000,120,1.8184,36.5054,27.39
5,paralelo_v1,11,2000,120,1.4336,35.6442,28.06
5,paralelo_v2,11,2000,120,1.3588,35.6390,28.06
6,secuencial,1,2000,120,4.6916,35.6928,28.02
6,paralelo_v1,2,2000,120,3.1001,36.0672,27.73
6,paralelo_v2,2,2000,120,2.7937,35.6639,28.04
6,paralelo_v1,4,2000,120,1.8276,36.2496,27.59
6,paralelo_v2,4,2000,120,1.9219,36.2143,27.61
6,paralelo_v1,11,2000,120,1.4675,35.5493,28.13
6,paralelo_v2,11,2000,120,1.3441,35.6715,28.03
7,secuencial,1,2000,120,4.7885,36.6267,27.30
7,paralelo_v1,2,2000,120,3.3850,35.6974,28.01
7,paralelo_v2,2,2000,120,2.9632,35.3980,28.25
7,paralelo_v1,4,2000,120,1.8921,36.4994,27.40
7,paralelo_v2,4,2000,120,1.6065,35.6346,28.06
7,paralelo_v1,11,2000,120,1.3674,36.3360,27.52
7,paralelo_v2,11,2000,120,1.6885,36.5252,27.38
8,secuencial,1,2000,120,3.9952,37.0472,26.99
8,paralelo_v1,2,2000,120,2.8911,36.4849,27.41
8,paralelo_v2,2,2000,120,2.6191,35.5189,28.15
8,paralelo_v1,4,2000,120,1.8114,36.3888,27.48
8,paralelo_v2,4,2000,120,1.8767,35.6390,28.06
8,paralelo_v1,11,2000,120,1.4741,35.6608,28.04
8,paralelo_v2,11,2000,120,1.6093,36.0782,27.72
9,secuencial,1,2000,120,4.5159,35.5706,28.11
9,paralelo_v1,2,2000,120,3.1414,36.9481,27.06
9,paralelo_v2,2,2000,120,2.7823,35.9675,27.80
9,paralelo_v1,4,2000,120,1.8028,35.8057,27.93
9,paralelo_v2,4,2000,120,1.6589,35.7824,27.95
9,paralelo_v1,11,2000,120,1.7078,36.9212,27.08
9,paralelo_v2,11,2000,120,1.6386,35.3648,28.28
10,secuencial,1,2000,120,4.8881,35.7336,27.98
10,paralelo_v1,2,2000,120,2.6747,35.5619,28.12
10,paralelo_v2,2,2000,120,3.1968,35.9771,27.80
10,paralelo_v1,4,2000,120,1.5794,35.5467,28.13
10,paralelo_v2,4,2000,120,1.9333,36.8919,27.11
10,paralelo_v1,11,2000,120,1.4893,35.6436,28.06
10,paralelo_v2,11,2000,120,1.5125,35.5314,28.14
1,secuencial,1,4000,120,9.6997,35.7446,27.98
1,paralelo_v1,2,4000,120,6.2138,36.2311,27.60
1,paralelo_v2,2,4000,120,6.2620,36.3701,27.50
1,paralelo_v1,4,4000,120,4.6756,36.3710,27.49
1,paralelo_v2,4,4000,120,4.7626,35.8626,27.88
1,paralelo_v1,11,4000,120,4.0819,35.9800,27.79
1,paralelo_v2,11,4000,120,3.8456,36.3880,27.48
2,secuencial,1,4000,120,9.7035,36.2759,27.57
2,paralelo_v1,2,4000,120,6.8067,36.2742,27.57
2,paralelo_v2,2,4000,120,6.7875,35.4069,28.24
2,paralelo_v1,4,4000,120,4.9769,36.2562,27.58
2,paralelo_v2,4,4000,120,5.0089,35.9257,27.84
2,paralelo_v1,11,4000,120,3.9113,35.6886,28.02
2,paralelo_v2,11,4000,120,4.1391,35.6759,28.03
3,secuencial,1,4000,120,9.6567,36.7224,27.23
3,paralelo_v1,2,4000,120,6.7590,35.9773,27.80
3,paralelo_v2,2,4000,120,6.8083,36.1353,27.67
3,paralelo_v1,4,4000,120,4.9434,35.7335,27.98
3,paralelo_v2,4,4000,120,4.6633,35.5642,28.12
3,paralelo_v1,11,4000,120,3.8852,35.9499,27.82
3,paralelo_v2,11,4000,120,4.1201,36.0933,27.71
4,secuencial,1,4000,120,9.6812,36.2731,27.57
4,paralelo_v1,2,4000,120,6.6542,36.2374,27.60
4,paralelo_v2,2,4000,120,6.6979,37.2313,26.86
4,paralelo_v1,4,4000,120,4.9099,36.2279,27.60
4,paralelo_v2,4,4000,120,4.7530,35.9431,27.82
4,paralelo_v1,11,4000,120,4.1659,36.9572,27.06
4,paralelo_v2,11,4000,120,4.0323,36.2755,27.57
5,secuencial,1,4000,120,9.6885,36.0016,27.78
5,paralelo_v1,2,4000,120,6.9111,36.5149,27.39
5,paralelo_v2,2,4000,120,6.5249,35.9547,27.81
5,paralelo_v1,4,4000,120,4.9834,35.5392,28.14
5,paralelo_v2,4,4000,120,4.9778,36.3975,27.47
5,paralelo_v1,11,4000,120,4.0570,35.7037,28.01
5,paralelo_v2,11,4000,120,4.2263,35.9568,27.81
6,secuencial,1,4000,120,9.7002,36.6707,27.27
6,paralelo_v1,2,4000,120,6.9915,36.3810,27.49
6,paralelo_v2,2,4000,120,6.8891,36.2937,27.55
6,paralelo_v1,4,4000,120,4.8861,36.0694,27.72
6,paralelo_v2,4,4000,120,4.8995,37.2351,26.86
6,paralelo_v1,11,4000,120,4.2357,36.4037,27.47
6,paralelo_v2,11,4000,120,4.0900,36.7643,27.20
7,secuencial,1,4000,120,9.6966,36.5633,27.35
7,paralelo_v1,2,4000,120,6.7856,35.7096,28.00
7,paralelo_v2,2,4000,120,6.8568,36.5426,27.37
7,paralelo_v1,4,4000,120,4.9098,36.6952,27.25
7,paralelo_v2,4,4000,120,4.7402,36.0903,27.71
7,paralelo_v1,11,4000,120,3.9189,36.3901,27.48
7,paralelo_v2,11,4000,120,3.9435,37.4989,26.67
8,secuencial,1,4000,120,9.6981,37.0935,26.96
8,paralelo_v1,2,4000,120,6.4092,36.4004,27.47
8,paralelo_v2,2,4000,120,6.1857,36.6284,27.30
8,paralelo_v1,4,4000,120,4.5083,37.6327,26.57
8,paralelo_v2,4,4000,120,3.3177,36.3787,27.49
8,paralelo_v1,11,4000,120,3.5930,36.3742,27.49
8,paralelo_v2,11,4000,120,3.9974,35.5323,28.14
9,secuencial,1,4000,120,9.6705,35.8720,27.88
9,paralelo_v1,2,4000,120,6.8760,36.2688,27.57
9,paralelo_v2,2,4000,120,6.9298,35.8178,27.92
9,paralelo_v1,4,4000,120,5.1418,35.8171,27.92
9,paralelo_v2,4,4000,120,4.9203,35.9807,27.79
9,paralelo_v1,11,4000,120,4.3762,35.5692,28.11
9,paralelo_v2,11,4000,120,4.2978,35.7987,27.93
10,secuencial,1,4000,120,9.6596,35.6952,28.02
10,paralelo_v1,2,4000,120,6.6223,35.8324,27.91
10,paralelo_v2,2,4000,120,6.7327,36.0249,27.76
10,paralelo_v1,4,4000,120,4.8631,35.8353,27.91
10,paralelo_v2,4,4000,120,4.9023,35.8115,27.92
10,paralelo_v1,11,4000,120,4.0537,35.6731,28.03
10,paralelo_v2,11,4000,120,4.0870,35.8574,27.89
1,secuencial,1,8000,120,38.6115,52.9414,18.89
1,paralelo_v1,2,8000,120,19.9872,36.1160,27.69
1,paralelo_v2,2,8000,120,19.6800,36.3037,27.55
1,paralelo_v1,4,8000,120,10.4021,35.7601,27.96
1,paralelo_v2,4,8000,120,9.9071,35.5872,28.10
1,paralelo_v1,11,8000,120,7.9355,36.1134,27.69
1,paralelo_v2,11,8000,120,8.0358,35.8450,27.90
2,secuencial,1,8000,120,38.6076,52.7752,18.95
2,paralelo_v1,2,8000,120,19.9403,36.3672,27.50
2,paralelo_v2,2,8000,120,19.4029,36.0774,27.72
2,paralelo_v1,4,8000,120,10.1368,35.5922,28.10
2,paralelo_v2,4,8000,120,10.3253,35.7476,27.97
2,paralelo_v1,11,8000,120,8.0023,35.3172,28.31
2,paralelo_v2,11,8000,120,7.9379,36.1618,27.65
3,secuencial,1,8000,120,38.6686,52.6046,19.01
3,paralelo_v1,2,8000,120,20.0883,37.0885,26.96
3,paralelo_v2,2,8000,120,19.3751,35.9590,27.81
3,paralelo_v1,4,8000,120,10.3849,36.4311,27.45
3,paralelo_v2,4,8000,120,10.4870,35.9766,27.80
3,paralelo_v1,11,8000,120,7.9792,36.2715,27.57
3,paralelo_v2,11,8000,120,8.0323,35.6941,28.02
4,secuencial,1,8000,120,38.6430,53.2559,18.78
4,paralelo_v1,2,8000,120,19.9962,36.0813,27.72
4,paralelo_v2,2,8000,120,19.8228,36.9136,27.09
4,paralelo_v1,4,8000,120,10.2541,35.6904,28.02
4,paralelo_v2,4,8000,120,10.0351,35.7245,27.99
4,paralelo_v1,11,8000,120,7.9348,36.1044,27.70
4,paralelo_v2,11,8000,120,7.9184,35.8512,27.89
5,secuencial,1,8000,120,38.6568,53.0276,18.86
5,paralelo_v1,2,8000,120,20.4209,36.9194,27.09
5,paralelo_v2,2,8000,120,19.4563,36.0686,27.72
5,paralelo_v1,4,8000,120,10.3761,35.8674,27.88
5,paralelo_v2,4,8000,120,9.9846,35.4728,28.19
5,paralelo_v1,11,8000,120,7.9774,35.6938,28.02
5,paralelo_v2,11,8000,120,8.2325,36.0204,27.76
6,secuencial,1,8000,120,38.6444,53.0372,18.85
6,paralelo_v1,2,8000,120,20.5346,36.6189,27.31
6,paralelo_v2,2,8000,120,19.4406,36.1888,27.63
6,paralelo_v1,4,8000,120,10.2953,35.8371,27.90
6,paralelo_v2,4,8000,120,10.1172,36.1274,27.68
6,paralelo_v1,11,8000,120,8.2154,35.8416,27.90
6,paralelo_v2,11,8000,120,7.9620,35.7042,28.01
7,secuencial,1,8000,120,38.6561,53.0573,18.85
7,paralelo_v1,2,8000,120,19.9432,36.3804,27.49
7,paralelo_v2,2,8000,120,19.4712,36.0943,27.71
7,paralelo_v1,4,8000,120,10.2233,35.7605,27.96
7,paralelo_v2,4,8000,120,10.5007,35.9128,27.85
7,paralelo_v1,11,8000,120,8.0666,35.7004,28.01
7,paralelo_v2,11,8000,120,7.9371,35.6450,28.05
8,secuencial,1,8000,120,38.6510,52.9482,18.89
8,paralelo_v1,2,8000,120,20.0132,36.2548,27.58
8,paralelo_v2,2,8000,120,19.4582,36.2520,27.58
8,paralelo_v1,4,8000,120,10.8352,35.7386,27.98
8,paralelo_v2,4,8000,120,10.0434,35.7403,27.98
8,paralelo_v1,11,8000,120,7.9327,35.6823,28.03
8,paralelo_v2,11,8000,120,8.6064,36.2682,27.57
9,secuencial,1,8000,120,38.6871,53.1662,18.81
9,paralelo_v1,2,8000,120,20.0096,36.3762,27.49
9,paralelo_v2,2,8000,120,19.4461,36.2041,27.62
9,paralelo_v1,4,8000,120,10.2297,35.9825,27.79
9,paralelo_v2,4,8000,120,10.0613,36.5952,27.33
9,paralelo_v1,11,8000,120,7.8556,35.8380,27.90
9,paralelo_v2,11,8000,120,8.1653,35.6914,28.02
10,secuencial,1,8000,120,38.6201,53.3190,18.76
10,paralelo_v1,2,8000,120,19.9688,36.2151,27.61
10,paralelo_v2,2,8000,120,20.0835,37.0711,26.98
10,paralelo_v1,4,8000,120,10.2360,35.8362,27.90
10,paralelo_v2,4,8000,120,10.1691,36.0297,27.75
10,paralelo_v1,11,8000,120,8.1362,35.6864,28.02
10,paralelo_v2,11,8000,120,7.9358,35.9191,27.84
