n,modo,hilos,corridas,ms_fisica_prom,ms_fisica_desv,ms_frame_prom,fps_prom,speedup,eficiencia
1000,paralelo_v1,2,10,0.81,0.152,35.736,27.98,1.592,0.796
1000,paralelo_v1,4,10,0.576,0.073,35.601,28.09,2.238,0.559
1000,paralelo_v1,11,10,0.598,0.06,35.667,28.04,2.155,0.196
1000,paralelo_v2,2,10,0.812,0.152,36.01,27.78,1.587,0.794
1000,paralelo_v2,4,10,0.572,0.076,35.62,28.07,2.251,0.563
1000,paralelo_v2,11,10,0.632,0.097,35.814,27.93,2.038,0.185
1000,secuencial,1,10,1.289,0.269,36.051,27.75,1.0,1.0
2000,paralelo_v1,2,10,3.035,0.203,35.983,27.79,1.479,0.739
2000,paralelo_v1,4,10,1.745,0.135,35.849,27.9,2.572,0.643
2000,paralelo_v1,11,10,1.475,0.107,35.873,27.88,3.042,0.277
2000,paralelo_v2,2,10,2.982,0.196,35.665,28.04,1.505,0.752
2000,paralelo_v2,4,10,1.743,0.141,36.044,27.75,2.575,0.644
2000,paralelo_v2,11,10,1.533,0.114,35.774,27.96,2.927,0.266
2000,secuencial,1,10,4.488,0.295,36.07,27.73,1.0,1.0
4000,paralelo_v1,2,10,6.703,0.238,36.183,27.64,1.445,0.722
4000,paralelo_v1,4,10,4.88,0.175,36.218,27.62,1.985,0.496
4000,paralelo_v1,11,10,4.028,0.217,36.069,27.73,2.405,0.219
4000,paralelo_v2,2,10,6.667,0.26,36.241,27.6,1.453,0.726
4000,paralelo_v2,4,10,4.695,0.497,36.119,27.69,2.063,0.516
4000,paralelo_v2,11,10,4.078,0.132,36.184,27.64,2.375,0.216
4000,secuencial,1,10,9.685,0.018,36.291,27.56,1.0,1.0
8000,paralelo_v1,2,10,20.09,0.21,36.442,27.44,1.924,0.962
8000,paralelo_v1,4,10,10.337,0.194,35.85,27.89,3.738,0.935
8000,paralelo_v1,11,10,8.004,0.107,35.825,27.91,4.828,0.439
8000,paralelo_v2,2,10,19.564,0.229,36.313,27.54,1.975,0.988
8000,paralelo_v2,4,10,10.163,0.207,35.891,27.86,3.802,0.951
8000,paralelo_v2,11,10,8.076,0.214,35.88,27.87,4.785,0.435
8000,secuencial,1,10,38.645,0.025,53.013,18.87,1.0,1.0
